,date,moonphase
0,2012-07-01,Waxing
1,2012-07-02,Waxing
2,2012-07-03,Full Moon
3,2012-07-04,Waning
4,2012-07-05,Waning
5,2012-07-06,Waning
6,2012-07-07,Waning
7,2012-07-08,Waning
8,2012-07-09,Waning
9,2012-07-10,Waning
10,2012-07-11,Waning
11,2012-07-12,Waning
12,2012-07-13,Waning
13,2012-07-14,Waning
14,2012-07-15,Waning
15,2012-07-16,Waning
16,2012-07-17,Waning
17,2012-07-18,Waning
18,2012-07-19,New Moon
19,2012-07-20,Waxing
20,2012-07-21,Waxing
21,2012-07-22,Waxing
22,2012-07-23,Waxing
23,2012-07-24,Waxing
24,2012-07-25,Waxing
25,2012-07-26,Waxing
26,2012-07-27,Waxing
27,2012-07-28,Waxing
28,2012-07-29,Waxing
29,2012-07-30,Waxing
30,2012-07-31,Waxing
31,2012-08-01,Waxing
32,2012-08-02,Full Moon
33,2012-08-03,Waning
34,2012-08-04,Waning
35,2012-08-05,Waning
36,2012-08-06,Waning
37,2012-08-07,Waning
38,2012-08-08,Waning
39,2012-08-09,Waning
40,2012-08-10,Waning
41,2012-08-11,Waning
42,2012-08-12,Waning
43,2012-08-13,Waning
44,2012-08-14,Waning
45,2012-08-15,Waning
46,2012-08-16,Waning
47,2012-08-17,New Moon
48,2012-08-18,Waxing
49,2012-08-19,Waxing
50,2012-08-20,Waxing
51,2012-08-21,Waxing
52,2012-08-22,Waxing
53,2012-08-23,Waxing
54,2012-08-24,Waxing
55,2012-08-25,Waxing
56,2012-08-26,Waxing
57,2012-08-27,Waxing
58,2012-08-28,Waxing
59,2012-08-29,Waxing
60,2012-08-30,Waxing
61,2012-08-31,Full Moon
62,2012-09-01,Waning
63,2012-09-02,Waning
64,2012-09-03,Waning
65,2012-09-04,Waning
66,2012-09-05,Waning
67,2012-09-06,Waning
68,2012-09-07,Waning
69,2012-09-08,Waning
70,2012-09-09,Waning
71,2012-09-10,Waning
72,2012-09-11,Waning
73,2012-09-12,Waning
74,2012-09-13,Waning
75,2012-09-14,Waning
76,2012-09-15,Waning
77,2012-09-16,New Moon
78,2012-09-17,Waxing
79,2012-09-18,Waxing
80,2012-09-19,Waxing
81,2012-09-20,Waxing
82,2012-09-21,Waxing
83,2012-09-22,Waxing
84,2012-09-23,Waxing
85,2012-09-24,Waxing
86,2012-09-25,Waxing
87,2012-09-26,Waxing
88,2012-09-27,Waxing
89,2012-09-28,Waxing
90,2012-09-29,Waxing
91,2012-09-30,Full Moon
92,2012-10-01,Waning
93,2012-10-02,Waning
94,2012-10-03,Waning
95,2012-10-04,Waning
96,2012-10-05,Waning
97,2012-10-06,Waning
98,2012-10-07,Waning
99,2012-10-08,Waning
100,2012-10-09,Waning
101,2012-10-10,Waning
102,2012-10-11,Waning
103,2012-10-12,Waning
104,2012-10-13,Waning
105,2012-10-14,Waning
106,2012-10-15,New Moon
107,2012-10-16,Waxing
108,2012-10-17,Waxing
109,2012-10-18,Waxing
110,2012-10-19,Waxing
111,2012-10-20,Waxing
112,2012-10-21,Waxing
113,2012-10-22,Waxing
114,2012-10-23,Waxing
115,2012-10-24,Waxing
116,2012-10-25,Waxing
117,2012-10-26,Waxing
118,2012-10-27,Waxing
119,2012-10-28,Waxing
120,2012-10-29,Full Moon
121,2012-10-30,Waning
122,2012-10-31,Waning
123,2012-11-01,Waning
124,2012-11-02,Waning
125,2012-11-03,Waning
126,2012-11-04,Waning
127,2012-11-05,Waning
128,2012-11-06,Waning
129,2012-11-07,Waning
130,2012-11-08,Waning
131,2012-11-09,Waning
132,2012-11-10,Waning
133,2012-11-11,Waning
134,2012-11-12,Waning
135,2012-11-13,New Moon
136,2012-11-14,Waxing
137,2012-11-15,Waxing
138,2012-11-16,Waxing
139,2012-11-17,Waxing
140,2012-11-18,Waxing
141,2012-11-19,Waxing
142,2012-11-20,Waxing
143,2012-11-21,Waxing
144,2012-11-22,Waxing
145,2012-11-23,Waxing
146,2012-11-24,Waxing
147,2012-11-25,Waxing
148,2012-11-26,Waxing
149,2012-11-27,Waxing
150,2012-11-28,Full Moon
151,2012-11-29,Waning
152,2012-11-30,Waning
153,2012-12-01,Waning
154,2012-12-02,Waning
155,2012-12-03,Waning
156,2012-12-04,Waning
157,2012-12-05,Waning
158,2012-12-06,Waning
159,2012-12-07,Waning
160,2012-12-08,Waning
161,2012-12-09,Waning
162,2012-12-10,Waning
163,2012-12-11,Waning
164,2012-12-12,Waning
165,2012-12-13,New Moon
166,2012-12-14,Waxing
167,2012-12-15,Waxing
168,2012-12-16,Waxing
169,2012-12-17,Waxing
170,2012-12-18,Waxing
171,2012-12-19,Waxing
172,2012-12-20,Waxing
173,2012-12-21,Waxing
174,2012-12-22,Waxing
175,2012-12-23,Waxing
176,2012-12-24,Waxing
177,2012-12-25,Waxing
178,2012-12-26,Waxing
179,2012-12-27,Waxing
180,2012-12-28,Full Moon
181,2012-12-29,Waning
182,2012-12-30,Waning
183,2012-12-31,Waning
184,2013-01-01,Waning
185,2013-01-02,Waning
186,2013-01-03,Waning
187,2013-01-04,Waning
188,2013-01-05,Waning
189,2013-01-06,Waning
190,2013-01-07,Waning
191,2013-01-08,Waning
192,2013-01-09,Waning
193,2013-01-10,Waning
194,2013-01-11,New Moon
195,2013-01-12,Waxing
196,2013-01-13,Waxing
197,2013-01-14,Waxing
198,2013-01-15,Waxing
199,2013-01-16,Waxing
200,2013-01-17,Waxing
201,2013-01-18,Waxing
202,2013-01-19,Waxing
203,2013-01-20,Waxing
204,2013-01-21,Waxing
205,2013-01-22,Waxing
206,2013-01-23,Waxing
207,2013-01-24,Waxing
208,2013-01-25,Waxing
209,2013-01-26,Waxing
210,2013-01-27,Full Moon
211,2013-01-28,Waning
212,2013-01-29,Waning
213,2013-01-30,Waning
214,2013-01-31,Waning
215,2013-02-01,Waning
216,2013-02-02,Waning
217,2013-02-03,Waning
218,2013-02-04,Waning
219,2013-02-05,Waning
220,2013-02-06,Waning
221,2013-02-07,Waning
222,2013-02-08,Waning
223,2013-02-09,Waning
224,2013-02-10,New Moon
225,2013-02-11,Waxing
226,2013-02-12,Waxing
227,2013-02-13,Waxing
228,2013-02-14,Waxing
229,2013-02-15,Waxing
230,2013-02-16,Waxing
231,2013-02-17,Waxing
232,2013-02-18,Waxing
233,2013-02-19,Waxing
234,2013-02-20,Waxing
235,2013-02-21,Waxing
236,2013-02-22,Waxing
237,2013-02-23,Waxing
238,2013-02-24,Waxing
239,2013-02-25,Full Moon
240,2013-02-26,Waning
241,2013-02-27,Waning
242,2013-02-28,Waning
243,2013-03-01,Waning
244,2013-03-02,Waning
245,2013-03-03,Waning
246,2013-03-04,Waning
247,2013-03-05,Waning
248,2013-03-06,Waning
249,2013-03-07,Waning
250,2013-03-08,Waning
251,2013-03-09,Waning
252,2013-03-10,Waning
253,2013-03-11,New Moon
254,2013-03-12,Waxing
255,2013-03-13,Waxing
256,2013-03-14,Waxing
257,2013-03-15,Waxing
258,2013-03-16,Waxing
259,2013-03-17,Waxing
260,2013-03-18,Waxing
261,2013-03-19,Waxing
262,2013-03-20,Waxing
263,2013-03-21,Waxing
264,2013-03-22,Waxing
265,2013-03-23,Waxing
266,2013-03-24,Waxing
267,2013-03-25,Waxing
268,2013-03-26,Waxing
269,2013-03-27,Full Moon
270,2013-03-28,Waning
271,2013-03-29,Waning
272,2013-03-30,Waning
273,2013-03-31,Waning
274,2013-04-01,Waning
275,2013-04-02,Waning
276,2013-04-03,Waning
277,2013-04-04,Waning
278,2013-04-05,Waning
279,2013-04-06,Waning
280,2013-04-07,Waning
281,2013-04-08,Waning
282,2013-04-09,Waning
283,2013-04-10,New Moon
284,2013-04-11,Waxing
285,2013-04-12,Waxing
286,2013-04-13,Waxing
287,2013-04-14,Waxing
288,2013-04-15,Waxing
289,2013-04-16,Waxing
290,2013-04-17,Waxing
291,2013-04-18,Waxing
292,2013-04-19,Waxing
293,2013-04-20,Waxing
294,2013-04-21,Waxing
295,2013-04-22,Waxing
296,2013-04-23,Waxing
297,2013-04-24,Waxing
298,2013-04-25,Full Moon
299,2013-04-26,Waning
300,2013-04-27,Waning
301,2013-04-28,Waning
302,2013-04-29,Waning
303,2013-04-30,Waning
304,2013-05-01,Waning
305,2013-05-02,Waning
306,2013-05-03,Waning
307,2013-05-04,Waning
308,2013-05-05,Waning
309,2013-05-06,Waning
310,2013-05-07,Waning
311,2013-05-08,Waning
312,2013-05-09,Waning
313,2013-05-10,New Moon
314,2013-05-11,Waxing
315,2013-05-12,Waxing
316,2013-05-13,Waxing
317,2013-05-14,Waxing
318,2013-05-15,Waxing
319,2013-05-16,Waxing
320,2013-05-17,Waxing
321,2013-05-18,Waxing
322,2013-05-19,Waxing
323,2013-05-20,Waxing
324,2013-05-21,Waxing
325,2013-05-22,Waxing
326,2013-05-23,Waxing
327,2013-05-24,Waxing
328,2013-05-25,Full Moon
329,2013-05-26,Waning
330,2013-05-27,Waning
331,2013-05-28,Waning
332,2013-05-29,Waning
333,2013-05-30,Waning
334,2013-05-31,Waning
335,2013-06-01,Waning
336,2013-06-02,Waning
337,2013-06-03,Waning
338,2013-06-04,Waning
339,2013-06-05,Waning
340,2013-06-06,Waning
341,2013-06-07,Waning
342,2013-06-08,New Moon
343,2013-06-09,Waxing
344,2013-06-10,Waxing
345,2013-06-11,Waxing
346,2013-06-12,Waxing
347,2013-06-13,Waxing
348,2013-06-14,Waxing
349,2013-06-15,Waxing
350,2013-06-16,Waxing
351,2013-06-17,Waxing
352,2013-06-18,Waxing
353,2013-06-19,Waxing
354,2013-06-20,Waxing
355,2013-06-21,Waxing
356,2013-06-22,Waxing
357,2013-06-23,Full Moon
358,2013-06-24,Waning
359,2013-06-25,Waning
360,2013-06-26,Waning
361,2013-06-27,Waning
362,2013-06-28,Waning
363,2013-06-29,Waning
364,2013-06-30,Waning
365,2013-07-01,Waning
366,2013-07-02,Waning
367,2013-07-03,Waning
368,2013-07-04,Waning
369,2013-07-05,Waning
370,2013-07-06,Waning
371,2013-07-07,Waning
372,2013-07-08,New Moon
373,2013-07-09,Waxing
374,2013-07-10,Waxing
375,2013-07-11,Waxing
376,2013-07-12,Waxing
377,2013-07-13,Waxing
378,2013-07-14,Waxing
379,2013-07-15,Waxing
380,2013-07-16,Waxing
381,2013-07-17,Waxing
382,2013-07-18,Waxing
383,2013-07-19,Waxing
384,2013-07-20,Waxing
385,2013-07-21,Waxing
386,2013-07-22,Full Moon
387,2013-07-23,Waning
388,2013-07-24,Waning
389,2013-07-25,Waning
390,2013-07-26,Waning
391,2013-07-27,Waning
392,2013-07-28,Waning
393,2013-07-29,Waning
394,2013-07-30,Waning
395,2013-07-31,Waning
396,2013-08-01,Waning
397,2013-08-02,Waning
398,2013-08-03,Waning
399,2013-08-04,Waning
400,2013-08-05,Waning
401,2013-08-06,New Moon
402,2013-08-07,Waxing
403,2013-08-08,Waxing
404,2013-08-09,Waxing
405,2013-08-10,Waxing
406,2013-08-11,Waxing
407,2013-08-12,Waxing
408,2013-08-13,Waxing
409,2013-08-14,Waxing
410,2013-08-15,Waxing
411,2013-08-16,Waxing
412,2013-08-17,Waxing
413,2013-08-18,Waxing
414,2013-08-19,Waxing
415,2013-08-20,Waxing
416,2013-08-21,Full Moon
417,2013-08-22,Waning
418,2013-08-23,Waning
419,2013-08-24,Waning
420,2013-08-25,Waning
421,2013-08-26,Waning
422,2013-08-27,Waning
423,2013-08-28,Waning
424,2013-08-29,Waning
425,2013-08-30,Waning
426,2013-08-31,Waning
427,2013-09-01,Waning
428,2013-09-02,Waning
429,2013-09-03,Waning
430,2013-09-04,Waning
431,2013-09-05,New Moon
432,2013-09-06,Waxing
433,2013-09-07,Waxing
434,2013-09-08,Waxing
435,2013-09-09,Waxing
436,2013-09-10,Waxing
437,2013-09-11,Waxing
438,2013-09-12,Waxing
439,2013-09-13,Waxing
440,2013-09-14,Waxing
441,2013-09-15,Waxing
442,2013-09-16,Waxing
443,2013-09-17,Waxing
444,2013-09-18,Waxing
445,2013-09-19,Full Moon
446,2013-09-20,Waning
447,2013-09-21,Waning
448,2013-09-22,Waning
449,2013-09-23,Waning
450,2013-09-24,Waning
451,2013-09-25,Waning
452,2013-09-26,Waning
453,2013-09-27,Waning
454,2013-09-28,Waning
455,2013-09-29,Waning
456,2013-09-30,Waning
457,2013-10-01,Waning
458,2013-10-02,Waning
459,2013-10-03,Waning
460,2013-10-04,Waning
461,2013-10-05,New Moon
462,2013-10-06,Waxing
463,2013-10-07,Waxing
464,2013-10-08,Waxing
465,2013-10-09,Waxing
466,2013-10-10,Waxing
467,2013-10-11,Waxing
468,2013-10-12,Waxing
469,2013-10-13,Waxing
470,2013-10-14,Waxing
471,2013-10-15,Waxing
472,2013-10-16,Waxing
473,2013-10-17,Waxing
474,2013-10-18,Full Moon
475,2013-10-19,Waning
476,2013-10-20,Waning
477,2013-10-21,Waning
478,2013-10-22,Waning
479,2013-10-23,Waning
480,2013-10-24,Waning
481,2013-10-25,Waning
482,2013-10-26,Waning
483,2013-10-27,Waning
484,2013-10-28,Waning
485,2013-10-29,Waning
486,2013-10-30,Waning
487,2013-10-31,Waning
488,2013-11-01,Waning
489,2013-11-02,Waning
490,2013-11-03,New Moon
491,2013-11-04,Waxing
492,2013-11-05,Waxing
493,2013-11-06,Waxing
494,2013-11-07,Waxing
495,2013-11-08,Waxing
496,2013-11-09,Waxing
497,2013-11-10,Waxing
498,2013-11-11,Waxing
499,2013-11-12,Waxing
500,2013-11-13,Waxing
501,2013-11-14,Waxing
502,2013-11-15,Waxing
503,2013-11-16,Waxing
504,2013-11-17,Full Moon
505,2013-11-18,Waning
506,2013-11-19,Waning
507,2013-11-20,Waning
508,2013-11-21,Waning
509,2013-11-22,Waning
510,2013-11-23,Waning
511,2013-11-24,Waning
512,2013-11-25,Waning
513,2013-11-26,Waning
514,2013-11-27,Waning
515,2013-11-28,Waning
516,2013-11-29,Waning
517,2013-11-30,Waning
518,2013-12-01,Waning
519,2013-12-02,Waning
520,2013-12-03,New Moon
521,2013-12-04,Waxing
522,2013-12-05,Waxing
523,2013-12-06,Waxing
524,2013-12-07,Waxing
525,2013-12-08,Waxing
526,2013-12-09,Waxing
527,2013-12-10,Waxing
528,2013-12-11,Waxing
529,2013-12-12,Waxing
530,2013-12-13,Waxing
531,2013-12-14,Waxing
532,2013-12-15,Waxing
533,2013-12-16,Waxing
534,2013-12-17,Full Moon
535,2013-12-18,Waning
536,2013-12-19,Waning
537,2013-12-20,Waning
538,2013-12-21,Waning
539,2013-12-22,Waning
540,2013-12-23,Waning
541,2013-12-24,Waning
542,2013-12-25,Waning
543,2013-12-26,Waning
544,2013-12-27,Waning
545,2013-12-28,Waning
546,2013-12-29,Waning
547,2013-12-30,Waning
548,2013-12-31,Waning
549,2014-01-01,New Moon
550,2014-01-02,Waxing
551,2014-01-03,Waxing
552,2014-01-04,Waxing
553,2014-01-05,Waxing
554,2014-01-06,Waxing
555,2014-01-07,Waxing
556,2014-01-08,Waxing
557,2014-01-09,Waxing
558,2014-01-10,Waxing
559,2014-01-11,Waxing
560,2014-01-12,Waxing
561,2014-01-13,Waxing
562,2014-01-14,Waxing
563,2014-01-15,Waxing
564,2014-01-16,Full Moon
565,2014-01-17,Waning
566,2014-01-18,Waning
567,2014-01-19,Waning
568,2014-01-20,Waning
569,2014-01-21,Waning
570,2014-01-22,Waning
571,2014-01-23,Waning
572,2014-01-24,Waning
573,2014-01-25,Waning
574,2014-01-26,Waning
575,2014-01-27,Waning
576,2014-01-28,Waning
577,2014-01-29,Waning
578,2014-01-30,New Moon
579,2014-01-31,Waxing
580,2014-02-01,Waxing
581,2014-02-02,Waxing
582,2014-02-03,Waxing
583,2014-02-04,Waxing
584,2014-02-05,Waxing
585,2014-02-06,Waxing
586,2014-02-07,Waxing
587,2014-02-08,Waxing
588,2014-02-09,Waxing
589,2014-02-10,Waxing
590,2014-02-11,Waxing
591,2014-02-12,Waxing
592,2014-02-13,Waxing
593,2014-02-14,Full Moon
594,2014-02-15,Waning
595,2014-02-16,Waning
596,2014-02-17,Waning
597,2014-02-18,Waning
598,2014-02-19,Waning
599,2014-02-20,Waning
600,2014-02-21,Waning
601,2014-02-22,Waning
602,2014-02-23,Waning
603,2014-02-24,Waning
604,2014-02-25,Waning
605,2014-02-26,Waning
606,2014-02-27,Waning
607,2014-02-28,Waning
608,2014-03-01,New Moon
609,2014-03-02,Waxing
610,2014-03-03,Waxing
611,2014-03-04,Waxing
612,2014-03-05,Waxing
613,2014-03-06,Waxing
614,2014-03-07,Waxing
615,2014-03-08,Waxing
616,2014-03-09,Waxing
617,2014-03-10,Waxing
618,2014-03-11,Waxing
619,2014-03-12,Waxing
620,2014-03-13,Waxing
621,2014-03-14,Waxing
622,2014-03-15,Waxing
623,2014-03-16,Full Moon
624,2014-03-17,Waning
625,2014-03-18,Waning
626,2014-03-19,Waning
627,2014-03-20,Waning
628,2014-03-21,Waning
629,2014-03-22,Waning
630,2014-03-23,Waning
631,2014-03-24,Waning
632,2014-03-25,Waning
633,2014-03-26,Waning
634,2014-03-27,Waning
635,2014-03-28,Waning
636,2014-03-29,Waning
637,2014-03-30,New Moon
638,2014-03-31,Waxing
639,2014-04-01,Waxing
640,2014-04-02,Waxing
641,2014-04-03,Waxing
642,2014-04-04,Waxing
643,2014-04-05,Waxing
644,2014-04-06,Waxing
645,2014-04-07,Waxing
646,2014-04-08,Waxing
647,2014-04-09,Waxing
648,2014-04-10,Waxing
649,2014-04-11,Waxing
650,2014-04-12,Waxing
651,2014-04-13,Waxing
652,2014-04-14,Waxing
653,2014-04-15,Full Moon
654,2014-04-16,Waning
655,2014-04-17,Waning
656,2014-04-18,Waning
657,2014-04-19,Waning
658,2014-04-20,Waning
659,2014-04-21,Waning
660,2014-04-22,Waning
661,2014-04-23,Waning
662,2014-04-24,Waning
663,2014-04-25,Waning
664,2014-04-26,Waning
665,2014-04-27,Waning
666,2014-04-28,Waning
667,2014-04-29,New Moon
668,2014-04-30,Waxing
669,2014-05-01,Waxing
670,2014-05-02,Waxing
671,2014-05-03,Waxing
672,2014-05-04,Waxing
673,2014-05-05,Waxing
674,2014-05-06,Waxing
675,2014-05-07,Waxing
676,2014-05-08,Waxing
677,2014-05-09,Waxing
678,2014-05-10,Waxing
679,2014-05-11,Waxing
680,2014-05-12,Waxing
681,2014-05-13,Waxing
682,2014-05-14,Full Moon
683,2014-05-15,Waning
684,2014-05-16,Waning
685,2014-05-17,Waning
686,2014-05-18,Waning
687,2014-05-19,Waning
688,2014-05-20,Waning
689,2014-05-21,Waning
690,2014-05-22,Waning
691,2014-05-23,Waning
692,2014-05-24,Waning
693,2014-05-25,Waning
694,2014-05-26,Waning
695,2014-05-27,Waning
696,2014-05-28,New Moon
697,2014-05-29,Waxing
698,2014-05-30,Waxing
699,2014-05-31,Waxing
700,2014-06-01,Waxing
701,2014-06-02,Waxing
702,2014-06-03,Waxing
703,2014-06-04,Waxing
704,2014-06-05,Waxing
705,2014-06-06,Waxing
706,2014-06-07,Waxing
707,2014-06-08,Waxing
708,2014-06-09,Waxing
709,2014-06-10,Waxing
710,2014-06-11,Waxing
711,2014-06-12,Waxing
712,2014-06-13,Full Moon
713,2014-06-14,Waning
714,2014-06-15,Waning
715,2014-06-16,Waning
716,2014-06-17,Waning
717,2014-06-18,Waning
718,2014-06-19,Waning
719,2014-06-20,Waning
720,2014-06-21,Waning
721,2014-06-22,Waning
722,2014-06-23,Waning
723,2014-06-24,Waning
724,2014-06-25,Waning
725,2014-06-26,Waning
726,2014-06-27,New Moon
727,2014-06-28,Waxing
728,2014-06-29,Waxing
729,2014-06-30,Waxing
730,2014-07-01,Waxing
731,2014-07-02,Waxing
732,2014-07-03,Waxing
733,2014-07-04,Waxing
734,2014-07-05,Waxing
735,2014-07-06,Waxing
736,2014-07-07,Waxing
737,2014-07-08,Waxing
738,2014-07-09,Waxing
739,2014-07-10,Waxing
740,2014-07-11,Waxing
741,2014-07-12,Full Moon
742,2014-07-13,Waning
743,2014-07-14,Waning
744,2014-07-15,Waning
745,2014-07-16,Waning
746,2014-07-17,Waning
747,2014-07-18,Waning
748,2014-07-19,Waning
749,2014-07-20,Waning
750,2014-07-21,Waning
751,2014-07-22,Waning
752,2014-07-23,Waning
753,2014-07-24,Waning
754,2014-07-25,Waning
755,2014-07-26,New Moon
756,2014-07-27,Waxing
757,2014-07-28,Waxing
758,2014-07-29,Waxing
759,2014-07-30,Waxing
760,2014-07-31,Waxing
761,2014-08-01,Waxing
762,2014-08-02,Waxing
763,2014-08-03,Waxing
764,2014-08-04,Waxing
765,2014-08-05,Waxing
766,2014-08-06,Waxing
767,2014-08-07,Waxing
768,2014-08-08,Waxing
769,2014-08-09,Waxing
770,2014-08-10,Full Moon
771,2014-08-11,Waning
772,2014-08-12,Waning
773,2014-08-13,Waning
774,2014-08-14,Waning
775,2014-08-15,Waning
776,2014-08-16,Waning
777,2014-08-17,Waning
778,2014-08-18,Waning
779,2014-08-19,Waning
780,2014-08-20,Waning
781,2014-08-21,Waning
782,2014-08-22,Waning
783,2014-08-23,Waning
784,2014-08-24,Waning
785,2014-08-25,New Moon
786,2014-08-26,Waxing
787,2014-08-27,Waxing
788,2014-08-28,Waxing
789,2014-08-29,Waxing
790,2014-08-30,Waxing
791,2014-08-31,Waxing
792,2014-09-01,Waxing
793,2014-09-02,Waxing
794,2014-09-03,Waxing
795,2014-09-04,Waxing
796,2014-09-05,Waxing
797,2014-09-06,Waxing
798,2014-09-07,Waxing
799,2014-09-08,Waxing
800,2014-09-09,Full Moon
801,2014-09-10,Waning
802,2014-09-11,Waning
803,2014-09-12,Waning
804,2014-09-13,Waning
805,2014-09-14,Waning
806,2014-09-15,Waning
807,2014-09-16,Waning
808,2014-09-17,Waning
809,2014-09-18,Waning
810,2014-09-19,Waning
811,2014-09-20,Waning
812,2014-09-21,Waning
813,2014-09-22,Waning
814,2014-09-23,Waning
815,2014-09-24,New Moon
816,2014-09-25,Waxing
817,2014-09-26,Waxing
818,2014-09-27,Waxing
819,2014-09-28,Waxing
820,2014-09-29,Waxing
821,2014-09-30,Waxing
822,2014-10-01,Waxing
823,2014-10-02,Waxing
824,2014-10-03,Waxing
825,2014-10-04,Waxing
826,2014-10-05,Waxing
827,2014-10-06,Waxing
828,2014-10-07,Waxing
829,2014-10-08,Full Moon
830,2014-10-09,Waning
831,2014-10-10,Waning
832,2014-10-11,Waning
833,2014-10-12,Waning
834,2014-10-13,Waning
835,2014-10-14,Waning
836,2014-10-15,Waning
837,2014-10-16,Waning
838,2014-10-17,Waning
839,2014-10-18,Waning
840,2014-10-19,Waning
841,2014-10-20,Waning
842,2014-10-21,Waning
843,2014-10-22,Waning
844,2014-10-23,New Moon
845,2014-10-24,Waxing
846,2014-10-25,Waxing
847,2014-10-26,Waxing
848,2014-10-27,Waxing
849,2014-10-28,Waxing
850,2014-10-29,Waxing
851,2014-10-30,Waxing
852,2014-10-31,Waxing
853,2014-11-01,Waxing
854,2014-11-02,Waxing
855,2014-11-03,Waxing
856,2014-11-04,Waxing
857,2014-11-05,Waxing
858,2014-11-06,Full Moon
859,2014-11-07,Waning
860,2014-11-08,Waning
861,2014-11-09,Waning
862,2014-11-10,Waning
863,2014-11-11,Waning
864,2014-11-12,Waning
865,2014-11-13,Waning
866,2014-11-14,Waning
867,2014-11-15,Waning
868,2014-11-16,Waning
869,2014-11-17,Waning
870,2014-11-18,Waning
871,2014-11-19,Waning
872,2014-11-20,Waning
873,2014-11-21,Waning
874,2014-11-22,New Moon
875,2014-11-23,Waxing
876,2014-11-24,Waxing
877,2014-11-25,Waxing
878,2014-11-26,Waxing
879,2014-11-27,Waxing
880,2014-11-28,Waxing
881,2014-11-29,Waxing
882,2014-11-30,Waxing
883,2014-12-01,Waxing
884,2014-12-02,Waxing
885,2014-12-03,Waxing
886,2014-12-04,Waxing
887,2014-12-05,Waxing
888,2014-12-06,Full Moon
889,2014-12-07,Waning
890,2014-12-08,Waning
891,2014-12-09,Waning
892,2014-12-10,Waning
893,2014-12-11,Waning
894,2014-12-12,Waning
895,2014-12-13,Waning
896,2014-12-14,Waning
897,2014-12-15,Waning
898,2014-12-16,Waning
899,2014-12-17,Waning
900,2014-12-18,Waning
901,2014-12-19,Waning
902,2014-12-20,Waning
903,2014-12-21,Waning
904,2014-12-22,New Moon
905,2014-12-23,Waxing
906,2014-12-24,Waxing
907,2014-12-25,Waxing
908,2014-12-26,Waxing
909,2014-12-27,Waxing
910,2014-12-28,Waxing
911,2014-12-29,Waxing
912,2014-12-30,Waxing
913,2014-12-31,Waxing
914,2015-01-01,Waxing
915,2015-01-02,Waxing
916,2015-01-03,Waxing
917,2015-01-04,Waxing
918,2015-01-05,Full Moon
919,2015-01-06,Waning
920,2015-01-07,Waning
921,2015-01-08,Waning
922,2015-01-09,Waning
923,2015-01-10,Waning
924,2015-01-11,Waning
925,2015-01-12,Waning
926,2015-01-13,Waning
927,2015-01-14,Waning
928,2015-01-15,Waning
929,2015-01-16,Waning
930,2015-01-17,Waning
931,2015-01-18,Waning
932,2015-01-19,Waning
933,2015-01-20,New Moon
934,2015-01-21,Waxing
935,2015-01-22,Waxing
936,2015-01-23,Waxing
937,2015-01-24,Waxing
938,2015-01-25,Waxing
939,2015-01-26,Waxing
940,2015-01-27,Waxing
941,2015-01-28,Waxing
942,2015-01-29,Waxing
943,2015-01-30,Waxing
944,2015-01-31,Waxing
945,2015-02-01,Waxing
946,2015-02-02,Waxing
947,2015-02-03,Full Moon
948,2015-02-04,Waning
949,2015-02-05,Waning
950,2015-02-06,Waning
951,2015-02-07,Waning
952,2015-02-08,Waning
953,2015-02-09,Waning
954,2015-02-10,Waning
955,2015-02-11,Waning
956,2015-02-12,Waning
957,2015-02-13,Waning
958,2015-02-14,Waning
959,2015-02-15,Waning
960,2015-02-16,Waning
961,2015-02-17,Waning
962,2015-02-18,New Moon
963,2015-02-19,Waxing
964,2015-02-20,Waxing
965,2015-02-21,Waxing
966,2015-02-22,Waxing
967,2015-02-23,Waxing
968,2015-02-24,Waxing
969,2015-02-25,Waxing
970,2015-02-26,Waxing
971,2015-02-27,Waxing
972,2015-02-28,Waxing
973,2015-03-01,Waxing
974,2015-03-02,Waxing
975,2015-03-03,Waxing
976,2015-03-04,Waxing
977,2015-03-05,Full Moon
978,2015-03-06,Waning
979,2015-03-07,Waning
980,2015-03-08,Waning
981,2015-03-09,Waning
982,2015-03-10,Waning
983,2015-03-11,Waning
984,2015-03-12,Waning
985,2015-03-13,Waning
986,2015-03-14,Waning
987,2015-03-15,Waning
988,2015-03-16,Waning
989,2015-03-17,Waning
990,2015-03-18,Waning
991,2015-03-19,Waning
992,2015-03-20,New Moon
993,2015-03-21,Waxing
994,2015-03-22,Waxing
995,2015-03-23,Waxing
996,2015-03-24,Waxing
997,2015-03-25,Waxing
998,2015-03-26,Waxing
999,2015-03-27,Waxing
1000,2015-03-28,Waxing
1001,2015-03-29,Waxing
1002,2015-03-30,Waxing
1003,2015-03-31,Waxing
1004,2015-04-01,Waxing
1005,2015-04-02,Waxing
1006,2015-04-03,Waxing
1007,2015-04-04,Full Moon
1008,2015-04-05,Waning
1009,2015-04-06,Waning
1010,2015-04-07,Waning
1011,2015-04-08,Waning
1012,2015-04-09,Waning
1013,2015-04-10,Waning
1014,2015-04-11,Waning
1015,2015-04-12,Waning
1016,2015-04-13,Waning
1017,2015-04-14,Waning
1018,2015-04-15,Waning
1019,2015-04-16,Waning
1020,2015-04-17,Waning
1021,2015-04-18,New Moon
1022,2015-04-19,Waxing
1023,2015-04-20,Waxing
1024,2015-04-21,Waxing
1025,2015-04-22,Waxing
1026,2015-04-23,Waxing
1027,2015-04-24,Waxing
1028,2015-04-25,Waxing
1029,2015-04-26,Waxing
1030,2015-04-27,Waxing
1031,2015-04-28,Waxing
1032,2015-04-29,Waxing
1033,2015-04-30,Waxing
1034,2015-05-01,Waxing
1035,2015-05-02,Waxing
1036,2015-05-03,Waxing
1037,2015-05-04,Full Moon
1038,2015-05-05,Waning
1039,2015-05-06,Waning
1040,2015-05-07,Waning
1041,2015-05-08,Waning
1042,2015-05-09,Waning
1043,2015-05-10,Waning
1044,2015-05-11,Waning
1045,2015-05-12,Waning
1046,2015-05-13,Waning
1047,2015-05-14,Waning
1048,2015-05-15,Waning
1049,2015-05-16,Waning
1050,2015-05-17,Waning
1051,2015-05-18,New Moon
1052,2015-05-19,Waxing
1053,2015-05-20,Waxing
1054,2015-05-21,Waxing
1055,2015-05-22,Waxing
1056,2015-05-23,Waxing
1057,2015-05-24,Waxing
1058,2015-05-25,Waxing
1059,2015-05-26,Waxing
1060,2015-05-27,Waxing
1061,2015-05-28,Waxing
1062,2015-05-29,Waxing
1063,2015-05-30,Waxing
1064,2015-05-31,Waxing
1065,2015-06-01,Waxing
1066,2015-06-02,Full Moon
1067,2015-06-03,Waning
1068,2015-06-04,Waning
1069,2015-06-05,Waning
1070,2015-06-06,Waning
1071,2015-06-07,Waning
1072,2015-06-08,Waning
1073,2015-06-09,Waning
1074,2015-06-10,Waning
1075,2015-06-11,Waning
1076,2015-06-12,Waning
1077,2015-06-13,Waning
1078,2015-06-14,Waning
1079,2015-06-15,Waning
1080,2015-06-16,New Moon
1081,2015-06-17,Waxing
1082,2015-06-18,Waxing
1083,2015-06-19,Waxing
1084,2015-06-20,Waxing
1085,2015-06-21,Waxing
1086,2015-06-22,Waxing
1087,2015-06-23,Waxing
1088,2015-06-24,Waxing
1089,2015-06-25,Waxing
1090,2015-06-26,Waxing
1091,2015-06-27,Waxing
1092,2015-06-28,Waxing
1093,2015-06-29,Waxing
1094,2015-06-30,Waxing
1095,2015-07-01,Waxing
1096,2015-07-02,Full Moon
1097,2015-07-03,Waning
1098,2015-07-04,Waning
1099,2015-07-05,Waning
1100,2015-07-06,Waning
1101,2015-07-07,Waning
1102,2015-07-08,Waning
1103,2015-07-09,Waning
1104,2015-07-10,Waning
1105,2015-07-11,Waning
1106,2015-07-12,Waning
1107,2015-07-13,Waning
1108,2015-07-14,Waning
1109,2015-07-15,Waning
1110,2015-07-16,New Moon
1111,2015-07-17,Waxing
1112,2015-07-18,Waxing
1113,2015-07-19,Waxing
1114,2015-07-20,Waxing
1115,2015-07-21,Waxing
1116,2015-07-22,Waxing
1117,2015-07-23,Waxing
1118,2015-07-24,Waxing
1119,2015-07-25,Waxing
1120,2015-07-26,Waxing
1121,2015-07-27,Waxing
1122,2015-07-28,Waxing
1123,2015-07-29,Waxing
1124,2015-07-30,Waxing
1125,2015-07-31,Full Moon
1126,2015-08-01,Waning
1127,2015-08-02,Waning
1128,2015-08-03,Waning
1129,2015-08-04,Waning
1130,2015-08-05,Waning
1131,2015-08-06,Waning
1132,2015-08-07,Waning
1133,2015-08-08,Waning
1134,2015-08-09,Waning
1135,2015-08-10,Waning
1136,2015-08-11,Waning
1137,2015-08-12,Waning
1138,2015-08-13,Waning
1139,2015-08-14,New Moon
1140,2015-08-15,Waxing
1141,2015-08-16,Waxing
1142,2015-08-17,Waxing
1143,2015-08-18,Waxing
1144,2015-08-19,Waxing
1145,2015-08-20,Waxing
1146,2015-08-21,Waxing
1147,2015-08-22,Waxing
1148,2015-08-23,Waxing
1149,2015-08-24,Waxing
1150,2015-08-25,Waxing
1151,2015-08-26,Waxing
1152,2015-08-27,Waxing
1153,2015-08-28,Waxing
1154,2015-08-29,Full Moon
1155,2015-08-30,Waning
1156,2015-08-31,Waning
1157,2015-09-01,Waning
1158,2015-09-02,Waning
1159,2015-09-03,Waning
1160,2015-09-04,Waning
1161,2015-09-05,Waning
1162,2015-09-06,Waning
1163,2015-09-07,Waning
1164,2015-09-08,Waning
1165,2015-09-09,Waning
1166,2015-09-10,Waning
1167,2015-09-11,Waning
1168,2015-09-12,Waning
1169,2015-09-13,New Moon
1170,2015-09-14,Waxing
1171,2015-09-15,Waxing
1172,2015-09-16,Waxing
1173,2015-09-17,Waxing
1174,2015-09-18,Waxing
1175,2015-09-19,Waxing
1176,2015-09-20,Waxing
1177,2015-09-21,Waxing
1178,2015-09-22,Waxing
1179,2015-09-23,Waxing
1180,2015-09-24,Waxing
1181,2015-09-25,Waxing
1182,2015-09-26,Waxing
1183,2015-09-27,Waxing
1184,2015-09-28,Full Moon
1185,2015-09-29,Waning
1186,2015-09-30,Waning
1187,2015-10-01,Waning
1188,2015-10-02,Waning
1189,2015-10-03,Waning
1190,2015-10-04,Waning
1191,2015-10-05,Waning
1192,2015-10-06,Waning
1193,2015-10-07,Waning
1194,2015-10-08,Waning
1195,2015-10-09,Waning
1196,2015-10-10,Waning
1197,2015-10-11,Waning
1198,2015-10-12,Waning
1199,2015-10-13,New Moon
1200,2015-10-14,Waxing
1201,2015-10-15,Waxing
1202,2015-10-16,Waxing
1203,2015-10-17,Waxing
1204,2015-10-18,Waxing
1205,2015-10-19,Waxing
1206,2015-10-20,Waxing
1207,2015-10-21,Waxing
1208,2015-10-22,Waxing
1209,2015-10-23,Waxing
1210,2015-10-24,Waxing
1211,2015-10-25,Waxing
1212,2015-10-26,Waxing
1213,2015-10-27,Full Moon
1214,2015-10-28,Waning
1215,2015-10-29,Waning
1216,2015-10-30,Waning
1217,2015-10-31,Waning
1218,2015-11-01,Waning
1219,2015-11-02,Waning
1220,2015-11-03,Waning
1221,2015-11-04,Waning
1222,2015-11-05,Waning
1223,2015-11-06,Waning
1224,2015-11-07,Waning
1225,2015-11-08,Waning
1226,2015-11-09,Waning
1227,2015-11-10,Waning
1228,2015-11-11,New Moon
1229,2015-11-12,Waxing
1230,2015-11-13,Waxing
1231,2015-11-14,Waxing
1232,2015-11-15,Waxing
1233,2015-11-16,Waxing
1234,2015-11-17,Waxing
1235,2015-11-18,Waxing
1236,2015-11-19,Waxing
1237,2015-11-20,Waxing
1238,2015-11-21,Waxing
1239,2015-11-22,Waxing
1240,2015-11-23,Waxing
1241,2015-11-24,Waxing
1242,2015-11-25,Full Moon
1243,2015-11-26,Waning
1244,2015-11-27,Waning
1245,2015-11-28,Waning
1246,2015-11-29,Waning
1247,2015-11-30,Waning
1248,2015-12-01,Waning
1249,2015-12-02,Waning
1250,2015-12-03,Waning
1251,2015-12-04,Waning
1252,2015-12-05,Waning
1253,2015-12-06,Waning
1254,2015-12-07,Waning
1255,2015-12-08,Waning
1256,2015-12-09,Waning
1257,2015-12-10,Waning
1258,2015-12-11,New Moon
1259,2015-12-12,Waxing
1260,2015-12-13,Waxing
1261,2015-12-14,Waxing
1262,2015-12-15,Waxing
1263,2015-12-16,Waxing
1264,2015-12-17,Waxing
1265,2015-12-18,Waxing
1266,2015-12-19,Waxing
1267,2015-12-20,Waxing
1268,2015-12-21,Waxing
1269,2015-12-22,Waxing
1270,2015-12-23,Waxing
1271,2015-12-24,Waxing
1272,2015-12-25,Full Moon
1273,2015-12-26,Waning
1274,2015-12-27,Waning
1275,2015-12-28,Waning
1276,2015-12-29,Waning
1277,2015-12-30,Waning
1278,2015-12-31,Waning
1279,2016-01-01,Waning
1280,2016-01-02,Waning
1281,2016-01-03,Waning
1282,2016-01-04,Waning
1283,2016-01-05,Waning
1284,2016-01-06,Waning
1285,2016-01-07,Waning
1286,2016-01-08,Waning
1287,2016-01-09,Waning
1288,2016-01-10,New Moon
1289,2016-01-11,Waxing
1290,2016-01-12,Waxing
1291,2016-01-13,Waxing
1292,2016-01-14,Waxing
1293,2016-01-15,Waxing
1294,2016-01-16,Waxing
1295,2016-01-17,Waxing
1296,2016-01-18,Waxing
1297,2016-01-19,Waxing
1298,2016-01-20,Waxing
1299,2016-01-21,Waxing
1300,2016-01-22,Waxing
1301,2016-01-23,Waxing
1302,2016-01-24,Full Moon
1303,2016-01-25,Waning
1304,2016-01-26,Waning
1305,2016-01-27,Waning
1306,2016-01-28,Waning
1307,2016-01-29,Waning
1308,2016-01-30,Waning
1309,2016-01-31,Waning
1310,2016-02-01,Waning
1311,2016-02-02,Waning
1312,2016-02-03,Waning
1313,2016-02-04,Waning
1314,2016-02-05,Waning
1315,2016-02-06,Waning
1316,2016-02-07,Waning
1317,2016-02-08,New Moon
1318,2016-02-09,Waxing
1319,2016-02-10,Waxing
1320,2016-02-11,Waxing
1321,2016-02-12,Waxing
1322,2016-02-13,Waxing
1323,2016-02-14,Waxing
1324,2016-02-15,Waxing
1325,2016-02-16,Waxing
1326,2016-02-17,Waxing
1327,2016-02-18,Waxing
1328,2016-02-19,Waxing
1329,2016-02-20,Waxing
1330,2016-02-21,Waxing
1331,2016-02-22,Full Moon
1332,2016-02-23,Waning
1333,2016-02-24,Waning
1334,2016-02-25,Waning
1335,2016-02-26,Waning
1336,2016-02-27,Waning
1337,2016-02-28,Waning
1338,2016-02-29,Waning
1339,2016-03-01,Waning
1340,2016-03-02,Waning
1341,2016-03-03,Waning
1342,2016-03-04,Waning
1343,2016-03-05,Waning
1344,2016-03-06,Waning
1345,2016-03-07,Waning
1346,2016-03-08,Waning
1347,2016-03-09,New Moon
1348,2016-03-10,Waxing
1349,2016-03-11,Waxing
1350,2016-03-12,Waxing
1351,2016-03-13,Waxing
1352,2016-03-14,Waxing
1353,2016-03-15,Waxing
1354,2016-03-16,Waxing
1355,2016-03-17,Waxing
1356,2016-03-18,Waxing
1357,2016-03-19,Waxing
1358,2016-03-20,Waxing
1359,2016-03-21,Waxing
1360,2016-03-22,Waxing
1361,2016-03-23,Full Moon
1362,2016-03-24,Waning
1363,2016-03-25,Waning
1364,2016-03-26,Waning
1365,2016-03-27,Waning
1366,2016-03-28,Waning
1367,2016-03-29,Waning
1368,2016-03-30,Waning
1369,2016-03-31,Waning
1370,2016-04-01,Waning
1371,2016-04-02,Waning
1372,2016-04-03,Waning
1373,2016-04-04,Waning
1374,2016-04-05,Waning
1375,2016-04-06,Waning
1376,2016-04-07,New Moon
1377,2016-04-08,Waxing
1378,2016-04-09,Waxing
1379,2016-04-10,Waxing
1380,2016-04-11,Waxing
1381,2016-04-12,Waxing
1382,2016-04-13,Waxing
1383,2016-04-14,Waxing
1384,2016-04-15,Waxing
1385,2016-04-16,Waxing
1386,2016-04-17,Waxing
1387,2016-04-18,Waxing
1388,2016-04-19,Waxing
1389,2016-04-20,Waxing
1390,2016-04-21,Waxing
1391,2016-04-22,Full Moon
1392,2016-04-23,Waning
1393,2016-04-24,Waning
1394,2016-04-25,Waning
1395,2016-04-26,Waning
1396,2016-04-27,Waning
1397,2016-04-28,Waning
1398,2016-04-29,Waning
1399,2016-04-30,Waning
1400,2016-05-01,Waning
1401,2016-05-02,Waning
1402,2016-05-03,Waning
1403,2016-05-04,Waning
1404,2016-05-05,Waning
1405,2016-05-06,New Moon
1406,2016-05-07,Waxing
1407,2016-05-08,Waxing
1408,2016-05-09,Waxing
1409,2016-05-10,Waxing
1410,2016-05-11,Waxing
1411,2016-05-12,Waxing
1412,2016-05-13,Waxing
1413,2016-05-14,Waxing
1414,2016-05-15,Waxing
1415,2016-05-16,Waxing
1416,2016-05-17,Waxing
1417,2016-05-18,Waxing
1418,2016-05-19,Waxing
1419,2016-05-20,Waxing
1420,2016-05-21,Full Moon
1421,2016-05-22,Waning
1422,2016-05-23,Waning
1423,2016-05-24,Waning
1424,2016-05-25,Waning
1425,2016-05-26,Waning
1426,2016-05-27,Waning
1427,2016-05-28,Waning
1428,2016-05-29,Waning
1429,2016-05-30,Waning
1430,2016-05-31,Waning
1431,2016-06-01,Waning
1432,2016-06-02,Waning
1433,2016-06-03,Waning
1434,2016-06-04,Waning
1435,2016-06-05,New Moon
1436,2016-06-06,Waxing
1437,2016-06-07,Waxing
1438,2016-06-08,Waxing
1439,2016-06-09,Waxing
1440,2016-06-10,Waxing
1441,2016-06-11,Waxing
1442,2016-06-12,Waxing
1443,2016-06-13,Waxing
1444,2016-06-14,Waxing
1445,2016-06-15,Waxing
1446,2016-06-16,Waxing
1447,2016-06-17,Waxing
1448,2016-06-18,Waxing
1449,2016-06-19,Waxing
1450,2016-06-20,Full Moon
1451,2016-06-21,Waning
1452,2016-06-22,Waning
1453,2016-06-23,Waning
1454,2016-06-24,Waning
1455,2016-06-25,Waning
1456,2016-06-26,Waning
1457,2016-06-27,Waning
1458,2016-06-28,Waning
1459,2016-06-29,Waning
1460,2016-06-30,Waning
1461,2016-07-01,Waning
1462,2016-07-02,Waning
1463,2016-07-03,Waning
1464,2016-07-04,New Moon
1465,2016-07-05,Waxing
1466,2016-07-06,Waxing
1467,2016-07-07,Waxing
1468,2016-07-08,Waxing
1469,2016-07-09,Waxing
1470,2016-07-10,Waxing
1471,2016-07-11,Waxing
1472,2016-07-12,Waxing
1473,2016-07-13,Waxing
1474,2016-07-14,Waxing
1475,2016-07-15,Waxing
1476,2016-07-16,Waxing
1477,2016-07-17,Waxing
1478,2016-07-18,Waxing
1479,2016-07-19,Full Moon
1480,2016-07-20,Waning
1481,2016-07-21,Waning
1482,2016-07-22,Waning
1483,2016-07-23,Waning
1484,2016-07-24,Waning
1485,2016-07-25,Waning
1486,2016-07-26,Waning
1487,2016-07-27,Waning
1488,2016-07-28,Waning
1489,2016-07-29,Waning
1490,2016-07-30,Waning
1491,2016-07-31,Waning
1492,2016-08-01,Waning
1493,2016-08-02,New Moon
1494,2016-08-03,Waxing
1495,2016-08-04,Waxing
1496,2016-08-05,Waxing
1497,2016-08-06,Waxing
1498,2016-08-07,Waxing
1499,2016-08-08,Waxing
1500,2016-08-09,Waxing
1501,2016-08-10,Waxing
1502,2016-08-11,Waxing
1503,2016-08-12,Waxing
1504,2016-08-13,Waxing
1505,2016-08-14,Waxing
1506,2016-08-15,Waxing
1507,2016-08-16,Waxing
1508,2016-08-17,Waxing
1509,2016-08-18,Full Moon
1510,2016-08-19,Waning
1511,2016-08-20,Waning
1512,2016-08-21,Waning
1513,2016-08-22,Waning
1514,2016-08-23,Waning
1515,2016-08-24,Waning
1516,2016-08-25,Waning
1517,2016-08-26,Waning
1518,2016-08-27,Waning
1519,2016-08-28,Waning
1520,2016-08-29,Waning
1521,2016-08-30,Waning
1522,2016-08-31,Waning
1523,2016-09-01,New Moon
1524,2016-09-02,Waxing
1525,2016-09-03,Waxing
1526,2016-09-04,Waxing
1527,2016-09-05,Waxing
1528,2016-09-06,Waxing
1529,2016-09-07,Waxing
1530,2016-09-08,Waxing
1531,2016-09-09,Waxing
1532,2016-09-10,Waxing
1533,2016-09-11,Waxing
1534,2016-09-12,Waxing
1535,2016-09-13,Waxing
1536,2016-09-14,Waxing
1537,2016-09-15,Waxing
1538,2016-09-16,Full Moon
1539,2016-09-17,Waning
1540,2016-09-18,Waning
1541,2016-09-19,Waning
1542,2016-09-20,Waning
1543,2016-09-21,Waning
1544,2016-09-22,Waning
1545,2016-09-23,Waning
1546,2016-09-24,Waning
1547,2016-09-25,Waning
1548,2016-09-26,Waning
1549,2016-09-27,Waning
1550,2016-09-28,Waning
1551,2016-09-29,Waning
1552,2016-09-30,Waning
1553,2016-10-01,New Moon
1554,2016-10-02,Waxing
1555,2016-10-03,Waxing
1556,2016-10-04,Waxing
1557,2016-10-05,Waxing
1558,2016-10-06,Waxing
1559,2016-10-07,Waxing
1560,2016-10-08,Waxing
1561,2016-10-09,Waxing
1562,2016-10-10,Waxing
1563,2016-10-11,Waxing
1564,2016-10-12,Waxing
1565,2016-10-13,Waxing
1566,2016-10-14,Waxing
1567,2016-10-15,Waxing
1568,2016-10-16,Full Moon
1569,2016-10-17,Waning
1570,2016-10-18,Waning
1571,2016-10-19,Waning
1572,2016-10-20,Waning
1573,2016-10-21,Waning
1574,2016-10-22,Waning
1575,2016-10-23,Waning
1576,2016-10-24,Waning
1577,2016-10-25,Waning
1578,2016-10-26,Waning
1579,2016-10-27,Waning
1580,2016-10-28,Waning
1581,2016-10-29,Waning
1582,2016-10-30,New Moon
1583,2016-10-31,Waxing
1584,2016-11-01,Waxing
1585,2016-11-02,Waxing
1586,2016-11-03,Waxing
1587,2016-11-04,Waxing
1588,2016-11-05,Waxing
1589,2016-11-06,Waxing
1590,2016-11-07,Waxing
1591,2016-11-08,Waxing
1592,2016-11-09,Waxing
1593,2016-11-10,Waxing
1594,2016-11-11,Waxing
1595,2016-11-12,Waxing
1596,2016-11-13,Waxing
1597,2016-11-14,Full Moon
1598,2016-11-15,Waning
1599,2016-11-16,Waning
1600,2016-11-17,Waning
1601,2016-11-18,Waning
1602,2016-11-19,Waning
1603,2016-11-20,Waning
1604,2016-11-21,Waning
1605,2016-11-22,Waning
1606,2016-11-23,Waning
1607,2016-11-24,Waning
1608,2016-11-25,Waning
1609,2016-11-26,Waning
1610,2016-11-27,Waning
1611,2016-11-28,Waning
1612,2016-11-29,New Moon
1613,2016-11-30,Waxing
1614,2016-12-01,Waxing
1615,2016-12-02,Waxing
1616,2016-12-03,Waxing
1617,2016-12-04,Waxing
1618,2016-12-05,Waxing
1619,2016-12-06,Waxing
1620,2016-12-07,Waxing
1621,2016-12-08,Waxing
1622,2016-12-09,Waxing
1623,2016-12-10,Waxing
1624,2016-12-11,Waxing
1625,2016-12-12,Waxing
1626,2016-12-13,Waxing
1627,2016-12-14,Full Moon
1628,2016-12-15,Waning
1629,2016-12-16,Waning
1630,2016-12-17,Waning
1631,2016-12-18,Waning
1632,2016-12-19,Waning
1633,2016-12-20,Waning
1634,2016-12-21,Waning
1635,2016-12-22,Waning
1636,2016-12-23,Waning
1637,2016-12-24,Waning
1638,2016-12-25,Waning
1639,2016-12-26,Waning
1640,2016-12-27,Waning
1641,2016-12-28,Waning
1642,2016-12-29,New Moon
1643,2016-12-30,Waxing
1644,2016-12-31,Waxing
1645,2017-01-01,Waxing
1646,2017-01-02,Waxing
1647,2017-01-03,Waxing
1648,2017-01-04,Waxing
1649,2017-01-05,Waxing
1650,2017-01-06,Waxing
1651,2017-01-07,Waxing
1652,2017-01-08,Waxing
1653,2017-01-09,Waxing
1654,2017-01-10,Waxing
1655,2017-01-11,Waxing
1656,2017-01-12,Full Moon
1657,2017-01-13,Waning
1658,2017-01-14,Waning
1659,2017-01-15,Waning
1660,2017-01-16,Waning
1661,2017-01-17,Waning
1662,2017-01-18,Waning
1663,2017-01-19,Waning
1664,2017-01-20,Waning
1665,2017-01-21,Waning
1666,2017-01-22,Waning
1667,2017-01-23,Waning
1668,2017-01-24,Waning
1669,2017-01-25,Waning
1670,2017-01-26,Waning
1671,2017-01-27,Waning
1672,2017-01-28,New Moon
1673,2017-01-29,Waxing
1674,2017-01-30,Waxing
1675,2017-01-31,Waxing
1676,2017-02-01,Waxing
1677,2017-02-02,Waxing
1678,2017-02-03,Waxing
1679,2017-02-04,Waxing
1680,2017-02-05,Waxing
1681,2017-02-06,Waxing
1682,2017-02-07,Waxing
1683,2017-02-08,Waxing
1684,2017-02-09,Waxing
1685,2017-02-10,Waxing
1686,2017-02-11,Full Moon
1687,2017-02-12,Waning
1688,2017-02-13,Waning
1689,2017-02-14,Waning
1690,2017-02-15,Waning
1691,2017-02-16,Waning
1692,2017-02-17,Waning
1693,2017-02-18,Waning
1694,2017-02-19,Waning
1695,2017-02-20,Waning
1696,2017-02-21,Waning
1697,2017-02-22,Waning
1698,2017-02-23,Waning
1699,2017-02-24,Waning
1700,2017-02-25,Waning
1701,2017-02-26,New Moon
1702,2017-02-27,Waxing
1703,2017-02-28,Waxing
1704,2017-03-01,Waxing
1705,2017-03-02,Waxing
1706,2017-03-03,Waxing
1707,2017-03-04,Waxing
1708,2017-03-05,Waxing
1709,2017-03-06,Waxing
1710,2017-03-07,Waxing
1711,2017-03-08,Waxing
1712,2017-03-09,Waxing
1713,2017-03-10,Waxing
1714,2017-03-11,Waxing
1715,2017-03-12,Full Moon
1716,2017-03-13,Waning
1717,2017-03-14,Waning
1718,2017-03-15,Waning
1719,2017-03-16,Waning
1720,2017-03-17,Waning
1721,2017-03-18,Waning
1722,2017-03-19,Waning
1723,2017-03-20,Waning
1724,2017-03-21,Waning
1725,2017-03-22,Waning
1726,2017-03-23,Waning
1727,2017-03-24,Waning
1728,2017-03-25,Waning
1729,2017-03-26,Waning
1730,2017-03-27,Waning
1731,2017-03-28,New Moon
1732,2017-03-29,Waxing
1733,2017-03-30,Waxing
1734,2017-03-31,Waxing
1735,2017-04-01,Waxing
1736,2017-04-02,Waxing
1737,2017-04-03,Waxing
1738,2017-04-04,Waxing
1739,2017-04-05,Waxing
1740,2017-04-06,Waxing
1741,2017-04-07,Waxing
1742,2017-04-08,Waxing
1743,2017-04-09,Waxing
1744,2017-04-10,Waxing
1745,2017-04-11,Full Moon
1746,2017-04-12,Waning
1747,2017-04-13,Waning
1748,2017-04-14,Waning
1749,2017-04-15,Waning
1750,2017-04-16,Waning
1751,2017-04-17,Waning
1752,2017-04-18,Waning
1753,2017-04-19,Waning
1754,2017-04-20,Waning
1755,2017-04-21,Waning
1756,2017-04-22,Waning
1757,2017-04-23,Waning
1758,2017-04-24,Waning
1759,2017-04-25,Waning
1760,2017-04-26,New Moon
1761,2017-04-27,Waxing
1762,2017-04-28,Waxing
1763,2017-04-29,Waxing
1764,2017-04-30,Waxing
1765,2017-05-01,Waxing
1766,2017-05-02,Waxing
1767,2017-05-03,Waxing
1768,2017-05-04,Waxing
1769,2017-05-05,Waxing
1770,2017-05-06,Waxing
1771,2017-05-07,Waxing
1772,2017-05-08,Waxing
1773,2017-05-09,Waxing
1774,2017-05-10,Full Moon
1775,2017-05-11,Waning
1776,2017-05-12,Waning
1777,2017-05-13,Waning
1778,2017-05-14,Waning
1779,2017-05-15,Waning
1780,2017-05-16,Waning
1781,2017-05-17,Waning
1782,2017-05-18,Waning
1783,2017-05-19,Waning
1784,2017-05-20,Waning
1785,2017-05-21,Waning
1786,2017-05-22,Waning
1787,2017-05-23,Waning
1788,2017-05-24,Waning
1789,2017-05-25,New Moon
1790,2017-05-26,Waxing
1791,2017-05-27,Waxing
1792,2017-05-28,Waxing
1793,2017-05-29,Waxing
1794,2017-05-30,Waxing
1795,2017-05-31,Waxing
1796,2017-06-01,Waxing
1797,2017-06-02,Waxing
1798,2017-06-03,Waxing
1799,2017-06-04,Waxing
1800,2017-06-05,Waxing
1801,2017-06-06,Waxing
1802,2017-06-07,Waxing
1803,2017-06-08,Waxing
1804,2017-06-09,Full Moon
1805,2017-06-10,Waning
1806,2017-06-11,Waning
1807,2017-06-12,Waning
1808,2017-06-13,Waning
1809,2017-06-14,Waning
1810,2017-06-15,Waning
1811,2017-06-16,Waning
1812,2017-06-17,Waning
1813,2017-06-18,Waning
1814,2017-06-19,Waning
1815,2017-06-20,Waning
1816,2017-06-21,Waning
1817,2017-06-22,Waning
1818,2017-06-23,Waning
1819,2017-06-24,New Moon
1820,2017-06-25,Waxing
1821,2017-06-26,Waxing
1822,2017-06-27,Waxing
1823,2017-06-28,Waxing
1824,2017-06-29,Waxing
1825,2017-06-30,Waxing
1826,2017-07-01,Waxing
1827,2017-07-02,Waxing
1828,2017-07-03,Waxing
1829,2017-07-04,Waxing
1830,2017-07-05,Waxing
1831,2017-07-06,Waxing
1832,2017-07-07,Waxing
1833,2017-07-08,Waxing
1834,2017-07-09,Full Moon
1835,2017-07-10,Waning
1836,2017-07-11,Waning
1837,2017-07-12,Waning
1838,2017-07-13,Waning
1839,2017-07-14,Waning
1840,2017-07-15,Waning
1841,2017-07-16,Waning
1842,2017-07-17,Waning
1843,2017-07-18,Waning
1844,2017-07-19,Waning
1845,2017-07-20,Waning
1846,2017-07-21,Waning
1847,2017-07-22,Waning
1848,2017-07-23,New Moon
1849,2017-07-24,Waxing
1850,2017-07-25,Waxing
1851,2017-07-26,Waxing
1852,2017-07-27,Waxing
1853,2017-07-28,Waxing
1854,2017-07-29,Waxing
1855,2017-07-30,Waxing
1856,2017-07-31,Waxing
1857,2017-08-01,Waxing
1858,2017-08-02,Waxing
1859,2017-08-03,Waxing
1860,2017-08-04,Waxing
1861,2017-08-05,Waxing
1862,2017-08-06,Waxing
1863,2017-08-07,Full Moon
1864,2017-08-08,Waning
1865,2017-08-09,Waning
1866,2017-08-10,Waning
1867,2017-08-11,Waning
1868,2017-08-12,Waning
1869,2017-08-13,Waning
1870,2017-08-14,Waning
1871,2017-08-15,Waning
1872,2017-08-16,Waning
1873,2017-08-17,Waning
1874,2017-08-18,Waning
1875,2017-08-19,Waning
1876,2017-08-20,Waning
1877,2017-08-21,New Moon
1878,2017-08-22,Waxing
1879,2017-08-23,Waxing
1880,2017-08-24,Waxing
1881,2017-08-25,Waxing
1882,2017-08-26,Waxing
1883,2017-08-27,Waxing
1884,2017-08-28,Waxing
1885,2017-08-29,Waxing
1886,2017-08-30,Waxing
1887,2017-08-31,Waxing
1888,2017-09-01,Waxing
1889,2017-09-02,Waxing
1890,2017-09-03,Waxing
1891,2017-09-04,Waxing
1892,2017-09-05,Waxing
1893,2017-09-06,Full Moon
1894,2017-09-07,Waning
1895,2017-09-08,Waning
1896,2017-09-09,Waning
1897,2017-09-10,Waning
1898,2017-09-11,Waning
1899,2017-09-12,Waning
1900,2017-09-13,Waning
1901,2017-09-14,Waning
1902,2017-09-15,Waning
1903,2017-09-16,Waning
1904,2017-09-17,Waning
1905,2017-09-18,Waning
1906,2017-09-19,Waning
1907,2017-09-20,New Moon
1908,2017-09-21,Waxing
1909,2017-09-22,Waxing
1910,2017-09-23,Waxing
1911,2017-09-24,Waxing
1912,2017-09-25,Waxing
1913,2017-09-26,Waxing
1914,2017-09-27,Waxing
1915,2017-09-28,Waxing
1916,2017-09-29,Waxing
1917,2017-09-30,Waxing
1918,2017-10-01,Waxing
1919,2017-10-02,Waxing
1920,2017-10-03,Waxing
1921,2017-10-04,Waxing
1922,2017-10-05,Full Moon
1923,2017-10-06,Waning
1924,2017-10-07,Waning
1925,2017-10-08,Waning
1926,2017-10-09,Waning
1927,2017-10-10,Waning
1928,2017-10-11,Waning
1929,2017-10-12,Waning
1930,2017-10-13,Waning
1931,2017-10-14,Waning
1932,2017-10-15,Waning
1933,2017-10-16,Waning
1934,2017-10-17,Waning
1935,2017-10-18,Waning
1936,2017-10-19,New Moon
1937,2017-10-20,Waxing
1938,2017-10-21,Waxing
1939,2017-10-22,Waxing
1940,2017-10-23,Waxing
1941,2017-10-24,Waxing
1942,2017-10-25,Waxing
1943,2017-10-26,Waxing
1944,2017-10-27,Waxing
1945,2017-10-28,Waxing
1946,2017-10-29,Waxing
1947,2017-10-30,Waxing
1948,2017-10-31,Waxing
1949,2017-11-01,Waxing
1950,2017-11-02,Waxing
1951,2017-11-03,Waxing
1952,2017-11-04,Full Moon
1953,2017-11-05,Waning
1954,2017-11-06,Waning
1955,2017-11-07,Waning
1956,2017-11-08,Waning
1957,2017-11-09,Waning
1958,2017-11-10,Waning
1959,2017-11-11,Waning
1960,2017-11-12,Waning
1961,2017-11-13,Waning
1962,2017-11-14,Waning
1963,2017-11-15,Waning
1964,2017-11-16,Waning
1965,2017-11-17,Waning
1966,2017-11-18,New Moon
1967,2017-11-19,Waxing
1968,2017-11-20,Waxing
1969,2017-11-21,Waxing
1970,2017-11-22,Waxing
1971,2017-11-23,Waxing
1972,2017-11-24,Waxing
1973,2017-11-25,Waxing
1974,2017-11-26,Waxing
1975,2017-11-27,Waxing
1976,2017-11-28,Waxing
1977,2017-11-29,Waxing
1978,2017-11-30,Waxing
1979,2017-12-01,Waxing
1980,2017-12-02,Waxing
1981,2017-12-03,Full Moon
1982,2017-12-04,Waning
1983,2017-12-05,Waning
1984,2017-12-06,Waning
1985,2017-12-07,Waning
1986,2017-12-08,Waning
1987,2017-12-09,Waning
1988,2017-12-10,Waning
1989,2017-12-11,Waning
1990,2017-12-12,Waning
1991,2017-12-13,Waning
1992,2017-12-14,Waning
1993,2017-12-15,Waning
1994,2017-12-16,Waning
1995,2017-12-17,Waning
1996,2017-12-18,New Moon
1997,2017-12-19,Waxing
1998,2017-12-20,Waxing
1999,2017-12-21,Waxing
2000,2017-12-22,Waxing
2001,2017-12-23,Waxing
2002,2017-12-24,Waxing
2003,2017-12-25,Waxing
2004,2017-12-26,Waxing
2005,2017-12-27,Waxing
2006,2017-12-28,Waxing
2007,2017-12-29,Waxing
2008,2017-12-30,Waxing
2009,2017-12-31,Waxing
2010,2018-01-01,Waxing
2011,2018-01-02,Full Moon
2012,2018-01-03,Waning
2013,2018-01-04,Waning
2014,2018-01-05,Waning
2015,2018-01-06,Waning
2016,2018-01-07,Waning
2017,2018-01-08,Waning
2018,2018-01-09,Waning
2019,2018-01-10,Waning
2020,2018-01-11,Waning
2021,2018-01-12,Waning
2022,2018-01-13,Waning
2023,2018-01-14,Waning
2024,2018-01-15,Waning
2025,2018-01-16,Waning
2026,2018-01-17,New Moon
2027,2018-01-18,Waxing
2028,2018-01-19,Waxing
2029,2018-01-20,Waxing
2030,2018-01-21,Waxing
2031,2018-01-22,Waxing
2032,2018-01-23,Waxing
2033,2018-01-24,Waxing
2034,2018-01-25,Waxing
2035,2018-01-26,Waxing
2036,2018-01-27,Waxing
2037,2018-01-28,Waxing
2038,2018-01-29,Waxing
2039,2018-01-30,Waxing
2040,2018-01-31,Full Moon
2041,2018-02-01,Waning
2042,2018-02-02,Waning
2043,2018-02-03,Waning
2044,2018-02-04,Waning
2045,2018-02-05,Waning
2046,2018-02-06,Waning
2047,2018-02-07,Waning
2048,2018-02-08,Waning
2049,2018-02-09,Waning
2050,2018-02-10,Waning
2051,2018-02-11,Waning
2052,2018-02-12,Waning
2053,2018-02-13,Waning
2054,2018-02-14,Waning
2055,2018-02-15,New Moon
2056,2018-02-16,Waxing
2057,2018-02-17,Waxing
2058,2018-02-18,Waxing
2059,2018-02-19,Waxing
2060,2018-02-20,Waxing
2061,2018-02-21,Waxing
2062,2018-02-22,Waxing
2063,2018-02-23,Waxing
2064,2018-02-24,Waxing
2065,2018-02-25,Waxing
2066,2018-02-26,Waxing
2067,2018-02-27,Waxing
2068,2018-02-28,Waxing
2069,2018-03-01,Waxing
2070,2018-03-02,Full Moon
2071,2018-03-03,Waning
2072,2018-03-04,Waning
2073,2018-03-05,Waning
2074,2018-03-06,Waning
2075,2018-03-07,Waning
2076,2018-03-08,Waning
2077,2018-03-09,Waning
2078,2018-03-10,Waning
2079,2018-03-11,Waning
2080,2018-03-12,Waning
2081,2018-03-13,Waning
2082,2018-03-14,Waning
2083,2018-03-15,Waning
2084,2018-03-16,Waning
2085,2018-03-17,New Moon
2086,2018-03-18,Waxing
2087,2018-03-19,Waxing
2088,2018-03-20,Waxing
2089,2018-03-21,Waxing
2090,2018-03-22,Waxing
2091,2018-03-23,Waxing
2092,2018-03-24,Waxing
2093,2018-03-25,Waxing
2094,2018-03-26,Waxing
2095,2018-03-27,Waxing
2096,2018-03-28,Waxing
2097,2018-03-29,Waxing
2098,2018-03-30,Waxing
2099,2018-03-31,Full Moon
2100,2018-04-01,Waning
2101,2018-04-02,Waning
2102,2018-04-03,Waning
2103,2018-04-04,Waning
2104,2018-04-05,Waning
2105,2018-04-06,Waning
2106,2018-04-07,Waning
2107,2018-04-08,Waning
2108,2018-04-09,Waning
2109,2018-04-10,Waning
2110,2018-04-11,Waning
2111,2018-04-12,Waning
2112,2018-04-13,Waning
2113,2018-04-14,Waning
2114,2018-04-15,Waning
2115,2018-04-16,New Moon
2116,2018-04-17,Waxing
2117,2018-04-18,Waxing
2118,2018-04-19,Waxing
2119,2018-04-20,Waxing
2120,2018-04-21,Waxing
2121,2018-04-22,Waxing
2122,2018-04-23,Waxing
2123,2018-04-24,Waxing
2124,2018-04-25,Waxing
2125,2018-04-26,Waxing
2126,2018-04-27,Waxing
2127,2018-04-28,Waxing
2128,2018-04-29,Waxing
2129,2018-04-30,Full Moon
2130,2018-05-01,Waning
2131,2018-05-02,Waning
2132,2018-05-03,Waning
2133,2018-05-04,Waning
2134,2018-05-05,Waning
2135,2018-05-06,Waning
2136,2018-05-07,Waning
2137,2018-05-08,Waning
2138,2018-05-09,Waning
2139,2018-05-10,Waning
2140,2018-05-11,Waning
2141,2018-05-12,Waning
2142,2018-05-13,Waning
2143,2018-05-14,Waning
2144,2018-05-15,New Moon
2145,2018-05-16,Waxing
2146,2018-05-17,Waxing
2147,2018-05-18,Waxing
2148,2018-05-19,Waxing
2149,2018-05-20,Waxing
2150,2018-05-21,Waxing
2151,2018-05-22,Waxing
2152,2018-05-23,Waxing
2153,2018-05-24,Waxing
2154,2018-05-25,Waxing
2155,2018-05-26,Waxing
2156,2018-05-27,Waxing
2157,2018-05-28,Waxing
2158,2018-05-29,Full Moon
2159,2018-05-30,Waning
2160,2018-05-31,Waning
2161,2018-06-01,Waning
2162,2018-06-02,Waning
2163,2018-06-03,Waning
2164,2018-06-04,Waning
2165,2018-06-05,Waning
2166,2018-06-06,Waning
2167,2018-06-07,Waning
2168,2018-06-08,Waning
2169,2018-06-09,Waning
2170,2018-06-10,Waning
2171,2018-06-11,Waning
2172,2018-06-12,Waning
2173,2018-06-13,New Moon
2174,2018-06-14,Waxing
2175,2018-06-15,Waxing
2176,2018-06-16,Waxing
2177,2018-06-17,Waxing
2178,2018-06-18,Waxing
2179,2018-06-19,Waxing
2180,2018-06-20,Waxing
2181,2018-06-21,Waxing
2182,2018-06-22,Waxing
2183,2018-06-23,Waxing
2184,2018-06-24,Waxing
2185,2018-06-25,Waxing
2186,2018-06-26,Waxing
2187,2018-06-27,Waxing
2188,2018-06-28,Full Moon
2189,2018-06-29,Waning
2190,2018-06-30,Waning
2191,2018-07-01,Waning
2192,2018-07-02,Waning
2193,2018-07-03,Waning
2194,2018-07-04,Waning
2195,2018-07-05,Waning
2196,2018-07-06,Waning
2197,2018-07-07,Waning
2198,2018-07-08,Waning
2199,2018-07-09,Waning
2200,2018-07-10,Waning
2201,2018-07-11,Waning
2202,2018-07-12,Waning
2203,2018-07-13,New Moon
2204,2018-07-14,Waxing
2205,2018-07-15,Waxing
2206,2018-07-16,Waxing
2207,2018-07-17,Waxing
2208,2018-07-18,Waxing
2209,2018-07-19,Waxing
2210,2018-07-20,Waxing
2211,2018-07-21,Waxing
2212,2018-07-22,Waxing
2213,2018-07-23,Waxing
2214,2018-07-24,Waxing
2215,2018-07-25,Waxing
2216,2018-07-26,Waxing
2217,2018-07-27,Full Moon
2218,2018-07-28,Waning
2219,2018-07-29,Waning
2220,2018-07-30,Waning
2221,2018-07-31,Waning
2222,2018-08-01,Waning
2223,2018-08-02,Waning
2224,2018-08-03,Waning
2225,2018-08-04,Waning
2226,2018-08-05,Waning
2227,2018-08-06,Waning
2228,2018-08-07,Waning
2229,2018-08-08,Waning
2230,2018-08-09,Waning
2231,2018-08-10,Waning
2232,2018-08-11,New Moon
2233,2018-08-12,Waxing
2234,2018-08-13,Waxing
2235,2018-08-14,Waxing
2236,2018-08-15,Waxing
2237,2018-08-16,Waxing
2238,2018-08-17,Waxing
2239,2018-08-18,Waxing
2240,2018-08-19,Waxing
2241,2018-08-20,Waxing
2242,2018-08-21,Waxing
2243,2018-08-22,Waxing
2244,2018-08-23,Waxing
2245,2018-08-24,Waxing
2246,2018-08-25,Waxing
2247,2018-08-26,Full Moon
2248,2018-08-27,Waning
2249,2018-08-28,Waning
2250,2018-08-29,Waning
2251,2018-08-30,Waning
2252,2018-08-31,Waning
2253,2018-09-01,Waning
2254,2018-09-02,Waning
2255,2018-09-03,Waning
2256,2018-09-04,Waning
2257,2018-09-05,Waning
2258,2018-09-06,Waning
2259,2018-09-07,Waning
2260,2018-09-08,Waning
2261,2018-09-09,New Moon
2262,2018-09-10,Waxing
2263,2018-09-11,Waxing
2264,2018-09-12,Waxing
2265,2018-09-13,Waxing
2266,2018-09-14,Waxing
2267,2018-09-15,Waxing
2268,2018-09-16,Waxing
2269,2018-09-17,Waxing
2270,2018-09-18,Waxing
2271,2018-09-19,Waxing
2272,2018-09-20,Waxing
2273,2018-09-21,Waxing
2274,2018-09-22,Waxing
2275,2018-09-23,Waxing
2276,2018-09-24,Waxing
2277,2018-09-25,Full Moon
2278,2018-09-26,Waning
2279,2018-09-27,Waning
2280,2018-09-28,Waning
2281,2018-09-29,Waning
2282,2018-09-30,Waning
2283,2018-10-01,Waning
2284,2018-10-02,Waning
2285,2018-10-03,Waning
2286,2018-10-04,Waning
2287,2018-10-05,Waning
2288,2018-10-06,Waning
2289,2018-10-07,Waning
2290,2018-10-08,Waning
2291,2018-10-09,New Moon
2292,2018-10-10,Waxing
2293,2018-10-11,Waxing
2294,2018-10-12,Waxing
2295,2018-10-13,Waxing
2296,2018-10-14,Waxing
2297,2018-10-15,Waxing
2298,2018-10-16,Waxing
2299,2018-10-17,Waxing
2300,2018-10-18,Waxing
2301,2018-10-19,Waxing
2302,2018-10-20,Waxing
2303,2018-10-21,Waxing
2304,2018-10-22,Waxing
2305,2018-10-23,Waxing
2306,2018-10-24,Full Moon
2307,2018-10-25,Waning
2308,2018-10-26,Waning
2309,2018-10-27,Waning
2310,2018-10-28,Waning
2311,2018-10-29,Waning
2312,2018-10-30,Waning
2313,2018-10-31,Waning
2314,2018-11-01,Waning
2315,2018-11-02,Waning
2316,2018-11-03,Waning
2317,2018-11-04,Waning
2318,2018-11-05,Waning
2319,2018-11-06,Waning
2320,2018-11-07,New Moon
2321,2018-11-08,Waxing
2322,2018-11-09,Waxing
2323,2018-11-10,Waxing
2324,2018-11-11,Waxing
2325,2018-11-12,Waxing
2326,2018-11-13,Waxing
2327,2018-11-14,Waxing
2328,2018-11-15,Waxing
2329,2018-11-16,Waxing
2330,2018-11-17,Waxing
2331,2018-11-18,Waxing
2332,2018-11-19,Waxing
2333,2018-11-20,Waxing
2334,2018-11-21,Waxing
2335,2018-11-22,Waxing
2336,2018-11-23,Full Moon
2337,2018-11-24,Waning
2338,2018-11-25,Waning
2339,2018-11-26,Waning
2340,2018-11-27,Waning
2341,2018-11-28,Waning
2342,2018-11-29,Waning
2343,2018-11-30,Waning
2344,2018-12-01,Waning
2345,2018-12-02,Waning
2346,2018-12-03,Waning
2347,2018-12-04,Waning
2348,2018-12-05,Waning
2349,2018-12-06,Waning
2350,2018-12-07,New Moon
2351,2018-12-08,Waxing
2352,2018-12-09,Waxing
2353,2018-12-10,Waxing
2354,2018-12-11,Waxing
2355,2018-12-12,Waxing
2356,2018-12-13,Waxing
2357,2018-12-14,Waxing
2358,2018-12-15,Waxing
2359,2018-12-16,Waxing
2360,2018-12-17,Waxing
2361,2018-12-18,Waxing
2362,2018-12-19,Waxing
2363,2018-12-20,Waxing
2364,2018-12-21,Waxing
2365,2018-12-22,Full Moon
2366,2018-12-23,Waning
2367,2018-12-24,Waning
2368,2018-12-25,Waning
2369,2018-12-26,Waning
2370,2018-12-27,Waning
2371,2018-12-28,Waning
2372,2018-12-29,Waning
2373,2018-12-30,Waning
2374,2018-12-31,Waning
2375,2019-01-01,Waning
2376,2019-01-02,Waning
2377,2019-01-03,Waning
2378,2019-01-04,Waning
2379,2019-01-05,Waning
2380,2019-01-06,New Moon
2381,2019-01-07,Waxing
2382,2019-01-08,Waxing
2383,2019-01-09,Waxing
2384,2019-01-10,Waxing
2385,2019-01-11,Waxing
2386,2019-01-12,Waxing
2387,2019-01-13,Waxing
2388,2019-01-14,Waxing
2389,2019-01-15,Waxing
2390,2019-01-16,Waxing
2391,2019-01-17,Waxing
2392,2019-01-18,Waxing
2393,2019-01-19,Waxing
2394,2019-01-20,Waxing
2395,2019-01-21,Full Moon
2396,2019-01-22,Waning
2397,2019-01-23,Waning
2398,2019-01-24,Waning
2399,2019-01-25,Waning
2400,2019-01-26,Waning
2401,2019-01-27,Waning
2402,2019-01-28,Waning
2403,2019-01-29,Waning
2404,2019-01-30,Waning
2405,2019-01-31,Waning
2406,2019-02-01,Waning
2407,2019-02-02,Waning
2408,2019-02-03,Waning
2409,2019-02-04,New Moon
2410,2019-02-05,Waxing
2411,2019-02-06,Waxing
2412,2019-02-07,Waxing
2413,2019-02-08,Waxing
2414,2019-02-09,Waxing
2415,2019-02-10,Waxing
2416,2019-02-11,Waxing
2417,2019-02-12,Waxing
2418,2019-02-13,Waxing
2419,2019-02-14,Waxing
2420,2019-02-15,Waxing
2421,2019-02-16,Waxing
2422,2019-02-17,Waxing
2423,2019-02-18,Waxing
2424,2019-02-19,Full Moon
2425,2019-02-20,Waning
2426,2019-02-21,Waning
2427,2019-02-22,Waning
2428,2019-02-23,Waning
2429,2019-02-24,Waning
2430,2019-02-25,Waning
2431,2019-02-26,Waning
2432,2019-02-27,Waning
2433,2019-02-28,Waning
2434,2019-03-01,Waning
2435,2019-03-02,Waning
2436,2019-03-03,Waning
2437,2019-03-04,Waning
2438,2019-03-05,Waning
2439,2019-03-06,New Moon
2440,2019-03-07,Waxing
2441,2019-03-08,Waxing
2442,2019-03-09,Waxing
2443,2019-03-10,Waxing
2444,2019-03-11,Waxing
2445,2019-03-12,Waxing
2446,2019-03-13,Waxing
2447,2019-03-14,Waxing
2448,2019-03-15,Waxing
2449,2019-03-16,Waxing
2450,2019-03-17,Waxing
2451,2019-03-18,Waxing
2452,2019-03-19,Waxing
2453,2019-03-20,Waxing
2454,2019-03-21,Full Moon
2455,2019-03-22,Waning
2456,2019-03-23,Waning
2457,2019-03-24,Waning
2458,2019-03-25,Waning
2459,2019-03-26,Waning
2460,2019-03-27,Waning
2461,2019-03-28,Waning
2462,2019-03-29,Waning
2463,2019-03-30,Waning
2464,2019-03-31,Waning
2465,2019-04-01,Waning
2466,2019-04-02,Waning
2467,2019-04-03,Waning
2468,2019-04-04,Waning
2469,2019-04-05,New Moon
2470,2019-04-06,Waxing
2471,2019-04-07,Waxing
2472,2019-04-08,Waxing
2473,2019-04-09,Waxing
2474,2019-04-10,Waxing
2475,2019-04-11,Waxing
2476,2019-04-12,Waxing
2477,2019-04-13,Waxing
2478,2019-04-14,Waxing
2479,2019-04-15,Waxing
2480,2019-04-16,Waxing
2481,2019-04-17,Waxing
2482,2019-04-18,Waxing
2483,2019-04-19,Full Moon
2484,2019-04-20,Waning
2485,2019-04-21,Waning
2486,2019-04-22,Waning
2487,2019-04-23,Waning
2488,2019-04-24,Waning
2489,2019-04-25,Waning
2490,2019-04-26,Waning
2491,2019-04-27,Waning
2492,2019-04-28,Waning
2493,2019-04-29,Waning
2494,2019-04-30,Waning
2495,2019-05-01,Waning
2496,2019-05-02,Waning
2497,2019-05-03,Waning
2498,2019-05-04,New Moon
2499,2019-05-05,Waxing
2500,2019-05-06,Waxing
2501,2019-05-07,Waxing
2502,2019-05-08,Waxing
2503,2019-05-09,Waxing
2504,2019-05-10,Waxing
2505,2019-05-11,Waxing
2506,2019-05-12,Waxing
2507,2019-05-13,Waxing
2508,2019-05-14,Waxing
2509,2019-05-15,Waxing
2510,2019-05-16,Waxing
2511,2019-05-17,Waxing
2512,2019-05-18,Full Moon
2513,2019-05-19,Waning
2514,2019-05-20,Waning
2515,2019-05-21,Waning
2516,2019-05-22,Waning
2517,2019-05-23,Waning
2518,2019-05-24,Waning
2519,2019-05-25,Waning
2520,2019-05-26,Waning
2521,2019-05-27,Waning
2522,2019-05-28,Waning
2523,2019-05-29,Waning
2524,2019-05-30,Waning
2525,2019-05-31,Waning
2526,2019-06-01,Waning
2527,2019-06-02,Waning
2528,2019-06-03,New Moon
2529,2019-06-04,Waxing
2530,2019-06-05,Waxing
2531,2019-06-06,Waxing
